"plot_id","treatment","block","x_center","y_center","yield","true_spatial_effect","true_treatment_effect","n_points"
"B1_Control","Control",1,3,2,11.1275485340903,-0.957267370422448,0,15
"B1_Reference","Reference",1,13,2,12.6006383873637,-0.442732629577551,1,15
"B1_Test","Test",1,8,2,13.2321376820498,-0.7,2,15
"B2_Control","Control",2,3,5,11.4174879235648,-0.496915718111936,0,15
"B2_Reference","Reference",2,13,5,13.3046584174511,0.296915718111936,1,15
"B2_Test","Test",2,8,5,13.9620448150818,-0.1,2,15
"B3_Control","Control",3,3,8.5,12.044671459395,0.0192087449722172,0,20
"B3_Reference","Reference",3,13,8.5,13.9775320130286,1.18079125502778,1,20
"B3_Test","Test",3,8,8.5,14.1567364067105,0.6,2,20
